doc_id,posting_date,company_code,gl_account,amount_lc,currency
D00001,2024-01-30,3000,400000,4098.01,JPY
D00002,2024-01-18,3000,400000,6212.73,JPY
D00003,2024-01-26,3000,400000,3565.63,JPY
D00004,2024-01-18,3000,400000,3718.25,JPY
D00005,2024-01-19,2000,600000,6910.62,EUR
D00006,2024-01-12,1000,500000,2217.52,USD
D00007,2024-01-27,2000,500000,6827.93,EUR
D00008,2024-01-18,1000,400000,3670.15,USD
D00009,2024-01-21,3000,500000,5640.36,JPY
D00010,2024-01-15,3000,600000,7024.01,JPY
D00011,2024-01-31,2000,600000,10441.78,EUR
D00012,2024-01-06,3000,400000,5003.18,JPY
D00013,2024-01-15,3000,400000,6358.38,JPY
D00014,2024-01-25,2000,400000,4252.6,EUR
D00015,2024-01-26,1000,600000,4206.78,USD
D00016,2024-01-28,3000,600000,6191.23,JPY
D00017,2024-01-03,3000,400000,6810.17,JPY
D00018,2024-01-22,1000,400000,5051.28,USD
D00019,2024-01-03,2000,400000,7087.41,EUR
D00020,2024-01-09,2000,600000,7879.67,EUR
D00021,2024-01-12,2000,400000,4401.21,EUR
D00022,2024-01-08,2000,500000,4858.99,EUR
D00023,2024-01-25,1000,600000,4817.61,USD
D00024,2024-01-26,2000,500000,1334.08,EUR
D00025,2024-01-12,3000,400000,6910.6,JPY
D00026,2024-01-04,2000,500000,8064.52,EUR
D00027,2024-01-26,2000,400000,2015.54,EUR
D00028,2024-01-28,2000,500000,4088.65,EUR
D00029,2024-01-13,2000,400000,5313.23,EUR
D00030,2024-01-14,2000,500000,6841.5,EUR
D00031,2024-01-18,1000,500000,6080.95,USD
D00032,2024-01-01,1000,600000,4390.66,USD
D00033,2024-01-14,1000,400000,3860.54,USD
D00034,2024-01-03,1000,400000,4924.97,USD
D00035,2024-01-17,3000,400000,6977.14,JPY
D00036,2024-01-06,1000,600000,4832.44,USD
D00037,2024-01-10,2000,600000,5612.81,EUR
D00038,2024-01-28,1000,500000,5554.45,USD
D00039,2024-01-06,2000,500000,6686.19,EUR
D00040,2024-01-12,3000,500000,5958.63,JPY
D00041,2024-01-11,3000,400000,5892.48,JPY
D00042,2024-01-08,1000,400000,2590.2,USD
D00043,2024-01-24,2000,500000,5710.06,EUR
D00044,2024-01-18,3000,500000,4480.78,JPY
D00045,2024-01-08,2000,600000,8160.42,EUR
D00046,2024-01-16,1000,400000,4919.65,USD
D00047,2024-01-04,3000,400000,5500.2,JPY
D00048,2024-01-17,2000,600000,6629.0,EUR
D00049,2024-01-19,2000,600000,5459.59,EUR
D00050,2024-01-31,2000,600000,-464.18,EUR
D00051,2024-01-18,3000,600000,2194.91,JPY
D00052,2024-01-30,2000,600000,4525.65,EUR
D00053,2024-01-07,1000,600000,4235.53,USD
D00054,2024-01-23,3000,400000,3548.47,JPY
D00055,2024-01-16,2000,600000,4589.51,EUR
D00056,2024-01-09,3000,600000,3345.83,JPY
D00057,2024-01-01,1000,600000,8123.29,USD
D00058,2024-01-19,2000,600000,6498.74,EUR
D00059,2024-01-25,3000,400000,3739.87,JPY
D00060,2024-01-27,1000,400000,6026.35,USD
D00061,2024-01-07,1000,600000,5481.33,USD
D00062,2024-01-13,3000,400000,5770.65,JPY
D00063,2024-01-28,1000,600000,3552.56,USD
D00064,2024-01-25,3000,600000,3459.28,JPY
D00065,2024-01-10,2000,500000,6984.21,EUR
D00066,2024-01-09,1000,400000,5528.98,USD
D00067,2024-01-31,2000,500000,4936.42,EUR
D00068,2024-01-07,2000,600000,4707.73,EUR
D00069,2024-01-16,2000,400000,5310.65,EUR
D00070,2024-01-24,2000,400000,3101.66,EUR
D00071,2024-01-30,2000,600000,3314.94,EUR
D00072,2024-01-31,3000,500000,3228.1,JPY
D00073,2024-01-31,3000,500000,6300.77,JPY
D00074,2024-01-23,3000,500000,3816.02,JPY
D00075,2024-01-16,2000,500000,8448.31,EUR
D00076,2024-01-09,2000,500000,6820.86,EUR
D00077,2024-01-26,2000,600000,7172.01,EUR
D00078,2024-01-11,1000,400000,6834.98,USD
D00079,2024-01-27,2000,500000,5105.27,EUR
D00080,2024-01-20,1000,600000,5624.32,USD
D00081,2024-01-28,1000,400000,2631.48,USD
D00082,2024-01-30,3000,500000,6186.34,JPY
D00083,2024-01-20,3000,500000,3281.96,JPY
D00084,2024-01-03,2000,600000,8297.38,EUR
D00085,2024-01-22,2000,500000,6261.65,EUR
D00086,2024-01-12,3000,500000,5890.32,JPY
D00087,2024-01-22,1000,500000,803.86,USD
D00088,2024-01-31,1000,600000,2076.86,USD
D00089,2024-01-01,1000,600000,6185.56,USD
D00090,2024-01-27,2000,600000,4449.36,EUR
D00091,2024-01-08,1000,400000,3157.25,USD
D00092,2024-01-12,3000,400000,4844.41,JPY
D00093,2024-01-02,1000,400000,4918.27,USD
D00094,2024-01-30,2000,400000,3646.96,EUR
D00095,2024-01-05,3000,500000,6864.11,JPY
D00096,2024-01-23,2000,500000,7022.03,EUR
D00097,2024-01-01,3000,400000,6372.71,JPY
D00098,2024-01-23,2000,600000,4481.66,EUR
D00099,2024-01-04,2000,500000,-636.77,EUR
D00100,2024-01-22,1000,600000,4126.41,USD
D00101,2024-01-19,2000,500000,3834.8,EUR
D00102,2024-01-23,2000,500000,2615.71,EUR
D00103,2024-01-31,2000,600000,5012.62,EUR
D00104,2024-01-25,2000,500000,7689.97,EUR
D00105,2024-01-19,3000,400000,8029.6,JPY
D00106,2024-01-04,1000,400000,5263.7,USD
D00107,2024-01-03,1000,600000,10763.1,USD
D00108,2024-01-14,2000,600000,6524.26,EUR
D00109,2024-01-15,1000,400000,2460.37,USD
D00110,2024-01-07,2000,600000,3748.78,EUR
D00111,2024-01-18,2000,600000,9490.78,EUR
D00112,2024-01-23,3000,500000,3809.62,JPY
D00113,2024-01-21,1000,400000,5207.38,USD
D00114,2024-01-17,2000,500000,4842.05,EUR
D00115,2024-01-09,3000,600000,4251.71,JPY
D00116,2024-01-24,3000,400000,4156.08,JPY
D00117,2024-01-22,3000,600000,678.92,JPY
D00118,2024-01-27,2000,400000,2607.67,EUR
D00119,2024-01-15,1000,400000,6920.54,USD
D00120,2024-01-09,2000,400000,5456.06,EUR
D00121,2024-01-10,3000,600000,6268.75,JPY
D00122,2024-01-16,2000,400000,7903.65,EUR
D00123,2024-01-09,3000,600000,4760.73,JPY
D00124,2024-01-31,1000,500000,7682.76,USD
D00125,2024-01-26,2000,600000,6431.55,EUR
D00126,2024-01-15,3000,400000,5010.78,JPY
D00127,2024-01-26,1000,500000,5738.18,USD
D00128,2024-01-19,1000,500000,2192.81,USD
D00129,2024-01-16,1000,500000,3234.65,USD
D00130,2024-01-29,1000,600000,5114.02,USD
D00131,2024-01-16,1000,500000,6196.85,USD
D00132,2024-01-29,1000,500000,4355.09,USD
D00133,2024-01-22,3000,600000,3004.24,JPY
D00134,2024-01-23,3000,500000,4375.15,JPY
D00135,2024-01-03,2000,400000,5741.22,EUR
D00136,2024-01-06,2000,600000,6139.33,EUR
D00137,2024-01-07,1000,500000,5236.76,USD
D00138,2024-01-23,1000,500000,7994.94,USD
D00139,2024-01-14,2000,400000,4401.18,EUR
D00140,2024-01-26,1000,400000,4009.86,USD
D00141,2024-01-14,3000,500000,5903.15,JPY
D00142,2024-01-27,2000,600000,4151.23,EUR
D00143,2024-01-30,2000,500000,3567.24,EUR
D00144,2024-01-26,1000,500000,4835.26,USD
D00145,2024-01-05,2000,600000,5937.09,EUR
D00146,2024-01-25,2000,600000,3935.31,EUR
D00147,2024-01-28,2000,500000,6548.86,EUR
D00148,2024-01-31,2000,400000,6568.17,EUR
D00149,2024-01-01,1000,600000,7118.73,USD
D00150,2024-01-29,1000,400000,3838.46,USD
D00151,2024-01-18,3000,600000,1642.93,JPY
D00152,2024-01-03,2000,600000,3769.52,EUR
D00153,2024-01-23,3000,600000,8631.86,JPY
D00154,2024-01-15,1000,400000,4156.19,USD
D00155,2024-01-27,2000,500000,2570.3,EUR
D00156,2024-01-18,1000,400000,4105.31,USD
D00157,2024-01-30,3000,600000,5014.89,JPY
D00158,2024-01-13,2000,600000,4901.89,EUR
D00159,2024-01-21,2000,500000,5970.42,EUR
D00160,2024-01-09,2000,400000,4485.32,EUR
D00161,2024-01-08,2000,400000,7508.91,EUR
D00162,2024-01-02,1000,600000,2492.56,USD
D00163,2024-01-18,1000,500000,7376.01,USD
D00164,2024-01-12,3000,400000,2135.93,JPY
D00165,2024-01-14,3000,600000,4975.8,JPY
D00166,2024-01-30,1000,600000,2968.34,USD
D00167,2024-01-07,3000,400000,2917.12,JPY
D00168,2024-01-19,1000,400000,6493.46,USD
D00169,2024-01-30,3000,500000,3315.88,JPY
D00170,2024-01-29,1000,400000,8866.84,USD
D00171,2024-01-19,2000,400000,9227.71,EUR
D00172,2024-01-11,1000,500000,4091.84,USD
D00173,2024-01-12,1000,500000,5874.67,USD
D00174,2024-01-05,1000,400000,8027.34,USD
D00175,2024-01-20,2000,500000,6293.71,EUR
D00176,2024-01-11,1000,400000,6666.98,USD
D00177,2024-01-02,3000,600000,4390.49,JPY
D00178,2024-01-26,2000,500000,5949.04,EUR
D00179,2024-01-29,1000,600000,5306.56,USD
D00180,2024-01-07,2000,600000,7861.61,EUR
D00181,2024-01-07,1000,500000,7052.03,USD
D00182,2024-01-15,1000,400000,4900.78,USD
D00183,2024-01-31,2000,400000,6263.7,EUR
D00184,2024-01-20,1000,500000,4355.74,USD
D00185,2024-01-23,3000,500000,2587.33,JPY
D00186,2024-01-04,1000,600000,4088.82,USD
D00187,2024-01-06,2000,400000,6675.7,EUR
D00188,2024-01-16,2000,400000,2258.4,EUR
D00189,2024-01-04,1000,600000,8565.24,USD
D00190,2024-01-27,1000,400000,8944.51,USD
D00191,2024-01-18,3000,600000,4190.72,JPY
D00192,2024-01-29,3000,600000,1825.15,JPY
D00193,2024-01-24,1000,400000,4479.14,USD
D00194,2024-01-02,2000,400000,6090.82,EUR
D00195,2024-01-30,1000,600000,4091.98,USD
D00196,2024-01-04,2000,400000,1701.5,EUR
D00197,2024-01-19,3000,500000,4980.2,JPY
D00198,2024-01-24,3000,500000,5207.2,JPY
D00199,2024-01-21,2000,400000,5697.0,EUR
D00200,2024-01-01,1000,500000,6600.73,USD
D00201,2024-01-02,2000,500000,2880.27,EUR
D00202,2024-01-13,2000,500000,6506.13,EUR
D00203,2024-01-14,1000,600000,2250.4,USD
D00204,2024-01-20,2000,600000,4227.94,EUR
D00205,2024-01-27,1000,600000,1369.08,USD
D00206,2024-01-19,2000,600000,6783.18,EUR
D00207,2024-01-05,2000,500000,4095.97,EUR
D00208,2024-01-12,2000,500000,5564.33,EUR
D00209,2024-01-14,1000,400000,5450.36,USD
D00210,2024-01-01,3000,600000,6338.5,JPY
D00211,2024-01-23,3000,600000,5677.88,JPY
D00212,2024-01-22,2000,500000,6023.71,EUR
D00213,2024-01-28,2000,500000,4555.35,EUR
D00214,2024-01-29,2000,400000,4375.47,EUR
D00215,2024-01-13,3000,500000,5896.24,JPY
D00216,2024-01-25,2000,500000,2401.07,EUR
D00217,2024-01-24,1000,400000,8185.11,USD
D00218,2024-01-22,2000,500000,5359.65,EUR
D00219,2024-01-21,2000,500000,4285.48,EUR
D00220,2024-01-10,1000,400000,4045.21,USD
D00221,2024-01-27,1000,500000,4818.21,USD
D00222,2024-01-13,2000,600000,5521.25,EUR
D00223,2024-01-01,2000,600000,920.31,EUR
D00224,2024-01-23,1000,500000,4445.94,USD
D00225,2024-01-21,2000,600000,6222.7,EUR
D00226,2024-01-03,2000,600000,3933.79,EUR
D00227,2024-01-20,2000,600000,4182.05,EUR
D00228,2024-01-12,1000,600000,4537.09,USD
D00229,2024-01-31,1000,600000,1291.8,USD
D00230,2024-01-13,2000,400000,4268.84,EUR
D00231,2024-01-15,2000,600000,4523.13,EUR
D00232,2024-01-25,2000,600000,4372.93,EUR
D00233,2024-01-24,3000,600000,6165.59,JPY
D00234,2024-01-27,1000,600000,9040.66,USD
D00235,2024-01-21,2000,500000,4550.05,EUR
D00236,2024-01-23,3000,600000,1632.78,JPY
D00237,2024-01-13,3000,500000,7492.31,JPY
D00238,2024-01-13,1000,400000,4284.07,USD
D00239,2024-01-23,3000,600000,4658.41,JPY
D00240,2024-01-25,1000,400000,1388.14,USD
D00241,2024-01-12,1000,400000,1733.77,USD
D00242,2024-01-18,2000,600000,5853.93,EUR
D00243,2024-01-31,1000,400000,3738.49,USD
D00244,2024-01-26,2000,600000,5345.7,EUR
D00245,2024-01-28,3000,400000,3092.58,JPY
D00246,2024-01-16,2000,600000,2595.08,EUR
D00247,2024-01-12,3000,400000,3221.06,JPY
D00248,2024-01-14,3000,600000,5885.43,JPY
D00249,2024-01-15,1000,400000,3704.96,USD
D00250,2024-01-17,3000,500000,5731.29,JPY
D00251,2024-01-29,1000,500000,7730.11,USD
D00252,2024-01-09,2000,600000,7009.37,EUR
D00253,2024-01-05,3000,400000,3873.72,JPY
D00254,2024-01-29,3000,500000,2188.69,JPY
D00255,2024-01-08,3000,400000,5335.15,JPY
D00256,2024-01-10,2000,600000,3325.7,EUR
D00257,2024-01-08,1000,500000,2911.1,USD
D00258,2024-01-03,1000,600000,3331.09,USD
D00259,2024-01-03,1000,500000,2802.29,USD
D00260,2024-01-20,1000,600000,5561.84,USD
D00261,2024-01-15,1000,600000,5455.28,USD
D00262,2024-01-27,3000,500000,1346.52,JPY
D00263,2024-01-05,2000,500000,2987.0,EUR
D00264,2024-01-15,3000,500000,5819.99,JPY
D00265,2024-01-07,1000,600000,8238.57,USD
D00266,2024-01-13,2000,400000,2998.4,EUR
D00267,2024-01-20,2000,500000,632.92,EUR
D00268,2024-01-24,2000,400000,4656.18,EUR
D00269,2024-01-21,1000,500000,2784.8,USD
D00270,2024-01-03,1000,400000,1614.23,USD
D00271,2024-01-27,3000,500000,5110.88,JPY
D00272,2024-01-20,1000,600000,5632.34,USD
D00273,2024-01-23,3000,600000,4913.39,JPY
D00274,2024-01-26,1000,600000,4405.41,USD
D00275,2024-01-19,1000,400000,3233.57,USD
D00276,2024-01-26,1000,600000,4869.62,USD
D00277,2024-01-09,1000,400000,4502.85,USD
D00278,2024-01-01,1000,500000,5327.44,USD
D00279,2024-01-24,2000,600000,3339.99,EUR
D00280,2024-01-28,2000,400000,6457.73,EUR
D00281,2024-01-11,2000,500000,4691.12,EUR
D00282,2024-01-30,1000,500000,2729.81,USD
D00283,2024-01-12,3000,600000,9108.15,JPY
D00284,2024-01-30,2000,500000,5038.19,EUR
D00285,2024-01-03,3000,500000,6204.18,JPY
D00286,2024-01-28,1000,600000,1729.76,USD
D00287,2024-01-03,1000,400000,6321.0,USD
D00288,2024-01-15,3000,400000,4338.99,JPY
D00289,2024-01-20,3000,400000,9322.35,JPY
D00290,2024-01-16,3000,500000,6371.48,JPY
D00291,2024-01-14,1000,400000,4796.18,USD
D00292,2024-01-18,1000,600000,3283.49,USD
D00293,2024-01-29,3000,600000,5459.59,JPY
D00294,2024-01-21,2000,500000,4405.79,EUR
D00295,2024-01-21,1000,600000,4824.82,USD
D00296,2024-01-24,3000,400000,3685.72,JPY
D00297,2024-01-04,3000,500000,4665.8,JPY
D00298,2024-01-14,1000,500000,3020.25,USD
D00299,2024-01-17,2000,600000,2596.16,EUR
D00300,2024-01-06,1000,600000,2735.68,USD
D00301,2024-01-23,1000,600000,1386.0,USD
D00302,2024-01-30,1000,500000,2521.13,USD
D00303,2024-01-05,1000,500000,6381.68,USD
D00304,2024-01-03,2000,500000,9154.49,EUR
D00305,2024-01-26,1000,600000,6561.76,USD
D00306,2024-01-07,3000,600000,2119.54,JPY
D00307,2024-01-26,3000,400000,8526.6,JPY
D00308,2024-01-30,3000,500000,4911.94,JPY
D00309,2024-01-17,3000,600000,5825.16,JPY
D00310,2024-01-18,2000,400000,4919.85,EUR
D00311,2024-01-24,2000,600000,4603.92,EUR
D00312,2024-01-04,2000,500000,2847.4,EUR
D00313,2024-01-24,3000,600000,1140.38,JPY
D00314,2024-01-14,3000,600000,6690.74,JPY
D00315,2024-01-24,2000,400000,5959.26,EUR
D00316,2024-01-24,1000,400000,4800.99,USD
D00317,2024-01-30,2000,400000,7459.04,EUR
D00318,2024-01-21,2000,400000,2745.52,EUR
D00319,2024-01-13,3000,500000,6176.82,JPY
D00320,2024-01-24,2000,500000,4110.34,EUR
D00321,2024-01-15,1000,500000,3994.05,USD
D00322,2024-01-01,2000,400000,8322.54,EUR
D00323,2024-01-28,3000,500000,2665.01,JPY
D00324,2024-01-19,1000,400000,2974.44,USD
D00325,2024-01-16,1000,600000,2508.26,USD
D00326,2024-01-30,3000,600000,4126.8,JPY
D00327,2024-01-28,3000,600000,2658.51,JPY
D00328,2024-01-01,1000,600000,5423.41,USD
D00329,2024-01-28,3000,500000,6572.81,JPY
D00330,2024-01-17,3000,400000,4259.78,JPY
D00331,2024-01-17,2000,400000,6247.01,EUR
D00332,2024-01-16,3000,600000,5613.78,JPY
D00333,2024-01-26,1000,500000,3646.86,USD
D00334,2024-01-13,3000,600000,3094.81,JPY
D00335,2024-01-12,3000,600000,3712.99,JPY
D00336,2024-01-16,3000,400000,6224.94,JPY
D00337,2024-01-17,3000,600000,7219.73,JPY
D00338,2024-01-24,2000,500000,5670.48,EUR
D00339,2024-01-01,1000,600000,3371.07,USD
D00340,2024-01-28,3000,500000,8041.43,JPY
D00341,2024-01-02,1000,500000,5495.0,USD
D00342,2024-01-04,3000,600000,7213.21,JPY
D00343,2024-01-22,1000,500000,5427.06,USD
D00344,2024-01-15,1000,400000,4708.87,USD
D00345,2024-01-19,2000,500000,2721.06,EUR
D00346,2024-01-03,2000,600000,3539.77,EUR
D00347,2024-01-26,2000,500000,4262.64,EUR
D00348,2024-01-16,1000,600000,3804.36,USD
D00349,2024-01-09,3000,500000,6653.06,JPY
D00350,2024-01-16,3000,600000,149.17,JPY
D00351,2024-01-12,3000,600000,2593.2,JPY
D00352,2024-01-26,2000,600000,5246.5,EUR
D00353,2024-01-09,3000,500000,6605.63,JPY
D00354,2024-01-18,1000,600000,3619.88,USD
D00355,2024-01-10,1000,600000,6163.63,USD
D00356,2024-01-12,1000,400000,4782.27,USD
D00357,2024-01-14,2000,500000,4898.84,EUR
D00358,2024-01-05,3000,500000,1928.87,JPY
D00359,2024-01-09,1000,500000,2747.12,USD
D00360,2024-01-17,2000,600000,2629.73,EUR
D00361,2024-01-22,3000,400000,7230.62,JPY
D00362,2024-01-16,2000,600000,3685.65,EUR
D00363,2024-01-05,3000,600000,4080.14,JPY
D00364,2024-01-31,2000,500000,4094.47,EUR
D00365,2024-01-15,2000,600000,6313.34,EUR
D00366,2024-01-27,1000,600000,4058.53,USD
D00367,2024-01-06,2000,500000,6048.12,EUR
D00368,2024-01-13,2000,600000,5526.03,EUR
D00369,2024-01-02,1000,500000,4629.07,USD
D00370,2024-01-10,2000,400000,5787.64,EUR
D00371,2024-01-08,3000,600000,8656.78,JPY
D00372,2024-01-07,2000,500000,3950.33,EUR
D00373,2024-01-25,1000,500000,5130.07,USD
D00374,2024-01-13,2000,600000,6220.43,EUR
D00375,2024-01-21,3000,500000,4381.31,JPY
D00376,2024-01-14,3000,400000,3268.79,JPY
D00377,2024-01-01,2000,400000,6947.6,EUR
D00378,2024-01-27,3000,600000,7209.22,JPY
D00379,2024-01-20,3000,400000,4671.97,JPY
D00380,2024-01-16,1000,500000,9058.57,USD
D00381,2024-01-26,2000,500000,1577.07,EUR
D00382,2024-01-28,3000,600000,4933.97,JPY
D00383,2024-01-09,1000,400000,4129.72,USD
D00384,2024-01-08,3000,500000,6759.65,JPY
D00385,2024-01-13,2000,400000,7034.87,EUR
D00386,2024-01-10,1000,600000,5953.79,USD
D00387,2024-01-08,3000,400000,5613.42,JPY
D00388,2024-01-20,3000,500000,5550.72,JPY
D00389,2024-01-29,3000,500000,5779.27,JPY
D00390,2024-01-22,1000,600000,2518.22,USD
D00391,2024-01-06,2000,500000,1327.52,EUR
D00392,2024-01-29,1000,600000,5462.62,USD
D00393,2024-01-05,1000,400000,5015.65,USD
D00394,2024-01-05,1000,400000,-287.24,USD
D00395,2024-01-05,2000,500000,5319.26,EUR
D00396,2024-01-26,3000,400000,1404.83,JPY
D00397,2024-01-27,2000,400000,2381.39,EUR
D00398,2024-01-16,1000,400000,4490.59,USD
D00399,2024-01-31,3000,400000,6872.06,JPY
D00400,2024-01-19,1000,500000,6291.69,USD
D00401,2024-01-04,1000,400000,6405.19,USD
D00402,2024-01-12,1000,400000,9509.13,USD
D00403,2024-01-05,3000,600000,4520.04,JPY
D00404,2024-01-22,1000,600000,5977.58,USD
D00405,2024-01-26,3000,500000,8530.65,JPY
D00406,2024-01-04,3000,400000,2745.34,JPY
D00407,2024-01-22,3000,400000,4356.75,JPY
D00408,2024-01-17,2000,400000,5594.07,EUR
D00409,2024-01-31,3000,500000,7680.13,JPY
D00410,2024-01-31,2000,500000,4843.99,EUR
D00411,2024-01-19,3000,400000,5826.35,JPY
D00412,2024-01-24,1000,600000,1934.89,USD
D00413,2024-01-01,1000,400000,4620.55,USD
D00414,2024-01-25,3000,600000,4454.14,JPY
D00415,2024-01-27,1000,400000,4141.96,USD
D00416,2024-01-21,2000,500000,4170.5,EUR
D00417,2024-01-02,3000,600000,4117.72,JPY
D00418,2024-01-29,1000,500000,6697.29,USD
D00419,2024-01-13,2000,600000,7456.67,EUR
D00420,2024-01-06,2000,500000,2242.98,EUR
D00421,2024-01-14,2000,500000,5179.25,EUR
D00422,2024-01-17,1000,500000,3600.89,USD
D00423,2024-01-14,1000,400000,4156.55,USD
D00424,2024-01-28,2000,600000,8091.61,EUR
D00425,2024-01-22,2000,400000,4359.33,EUR
D00426,2024-01-01,2000,500000,4721.13,EUR
D00427,2024-01-04,2000,400000,4009.49,EUR
D00428,2024-01-19,3000,600000,1298.81,JPY
D00429,2024-01-03,2000,400000,5900.61,EUR
D00430,2024-01-22,3000,400000,7148.9,JPY
D00431,2024-01-18,2000,500000,2580.22,EUR
D00432,2024-01-14,3000,400000,6897.37,JPY
D00433,2024-01-24,2000,600000,4193.46,EUR
D00434,2024-01-17,2000,400000,1573.45,EUR
D00435,2024-01-12,1000,400000,4474.86,USD
D00436,2024-01-23,2000,400000,3881.6,EUR
D00437,2024-01-28,3000,400000,3327.9,JPY
D00438,2024-01-23,2000,600000,8279.39,EUR
D00439,2024-01-28,2000,400000,8076.51,EUR
D00440,2024-01-21,2000,400000,3676.74,EUR
D00441,2024-01-25,1000,500000,5785.91,USD
D00442,2024-01-16,3000,500000,4094.71,JPY
D00443,2024-01-07,2000,500000,5222.32,EUR
D00444,2024-01-13,2000,400000,4410.55,EUR
D00445,2024-01-12,2000,400000,3119.56,EUR
D00446,2024-01-27,1000,600000,4421.2,USD
D00447,2024-01-11,2000,400000,6531.02,EUR
D00448,2024-01-05,2000,600000,6661.89,EUR
D00449,2024-01-20,2000,500000,3382.99,EUR
D00450,2024-01-05,2000,400000,4174.51,EUR
D00451,2024-01-05,1000,400000,5062.63,USD
D00452,2024-01-04,3000,600000,8053.36,JPY
D00453,2024-01-08,3000,600000,5315.61,JPY
D00454,2024-01-27,1000,600000,4757.85,USD
D00455,2024-01-15,1000,600000,7643.68,USD
D00456,2024-01-11,3000,600000,4002.56,JPY
D00457,2024-01-18,1000,600000,7488.13,USD
D00458,2024-01-25,1000,600000,4724.02,USD
D00459,2024-01-17,2000,600000,1509.88,EUR
D00460,2024-01-11,3000,600000,4217.41,JPY
D00461,2024-01-15,3000,500000,7941.94,JPY
D00462,2024-01-01,2000,600000,1242.16,EUR
D00463,2024-01-15,1000,500000,8382.39,USD
D00464,2024-01-09,1000,500000,5234.56,USD
D00465,2024-01-29,1000,500000,3624.25,USD
D00466,2024-01-17,2000,400000,6792.2,EUR
D00467,2024-01-17,2000,600000,5496.14,EUR
D00468,2024-01-01,1000,600000,4002.41,USD
D00469,2024-01-14,1000,600000,2325.1,USD
D00470,2024-01-29,1000,500000,3713.32,USD
D00471,2024-01-18,1000,500000,8476.71,USD
D00472,2024-01-24,2000,600000,4617.85,EUR
D00473,2024-01-15,1000,600000,6143.03,USD
D00474,2024-01-24,2000,400000,8480.42,EUR
D00475,2024-01-15,3000,500000,7043.84,JPY
D00476,2024-01-12,2000,600000,4321.71,EUR
D00477,2024-01-02,2000,600000,4325.0,EUR
D00478,2024-01-05,2000,400000,5821.7,EUR
D00479,2024-01-14,3000,400000,6816.74,JPY
D00480,2024-01-17,1000,400000,7445.51,USD
D00481,2024-01-15,1000,500000,6252.12,USD
D00482,2024-01-12,1000,500000,8994.89,USD
D00483,2024-01-05,3000,400000,5690.5,JPY
D00484,2024-01-29,3000,400000,5513.36,JPY
D00485,2024-01-29,2000,500000,4071.21,EUR
D00486,2024-01-11,3000,500000,7726.79,JPY
D00487,2024-01-14,2000,600000,6254.47,EUR
D00488,2024-01-15,3000,400000,7899.06,JPY
D00489,2024-01-10,1000,400000,5309.32,USD
D00490,2024-01-07,1000,400000,5134.71,USD
D00491,2024-01-28,3000,600000,3695.3,JPY
D00492,2024-01-22,1000,600000,4690.39,USD
D00493,2024-01-24,3000,400000,7884.0,JPY
D00494,2024-01-01,2000,600000,6297.55,EUR
D00495,2024-01-07,2000,400000,6276.5,EUR
D00496,2024-01-30,2000,500000,5938.03,EUR
D00497,2024-01-14,1000,500000,6856.8,USD
D00498,2024-01-25,2000,600000,1640.03,EUR
D00499,2024-01-11,2000,400000,4570.65,EUR
D00500,2024-01-09,2000,400000,1505.58,EUR
D00501,2024-01-05,2000,500000,2410.57,EUR
D00502,2024-01-21,3000,400000,6150.51,JPY
D00503,2024-01-25,3000,400000,2749.33,JPY
D00504,2024-01-13,1000,400000,3566.13,USD
D00505,2024-01-06,3000,400000,6011.12,JPY
D00506,2024-01-10,1000,600000,3921.6,USD
D00507,2024-01-01,2000,400000,4375.48,EUR
D00508,2024-01-05,3000,500000,5223.64,JPY
D00509,2024-01-31,1000,500000,2917.76,USD
D00510,2024-01-24,3000,600000,990.38,JPY
D00511,2024-01-26,3000,500000,6657.82,JPY
D00512,2024-01-05,3000,500000,7009.69,JPY
D00513,2024-01-07,3000,600000,4787.36,JPY
D00514,2024-01-17,2000,600000,-193.07,EUR
D00515,2024-01-21,3000,500000,4601.64,JPY
D00516,2024-01-18,3000,400000,6507.92,JPY
D00517,2024-01-31,3000,600000,8409.81,JPY
D00518,2024-01-25,1000,500000,8401.22,USD
D00519,2024-01-15,1000,400000,1957.96,USD
D00520,2024-01-24,2000,400000,8100.68,EUR
D00521,2024-01-10,3000,600000,6372.07,JPY
D00522,2024-01-31,3000,500000,1137.39,JPY
D00523,2024-01-12,3000,400000,3275.26,JPY
D00524,2024-01-04,3000,500000,6991.39,JPY
D00525,2024-01-16,3000,400000,6918.42,JPY
D00526,2024-01-22,3000,400000,6990.19,JPY
D00527,2024-01-22,3000,400000,6270.37,JPY
D00528,2024-01-18,3000,600000,7227.4,JPY
D00529,2024-01-27,3000,500000,3653.42,JPY
D00530,2024-01-12,3000,400000,7981.19,JPY
D00531,2024-01-21,3000,500000,3830.89,JPY
D00532,2024-01-31,3000,600000,8028.27,JPY
D00533,2024-01-06,2000,500000,8995.5,EUR
D00534,2024-01-01,3000,600000,5419.14,JPY
D00535,2024-01-14,2000,400000,6551.47,EUR
D00536,2024-01-15,2000,600000,4980.48,EUR
D00537,2024-01-06,1000,500000,6848.84,USD
D00538,2024-01-27,2000,600000,4240.0,EUR
D00539,2024-01-12,1000,500000,1401.97,USD
D00540,2024-01-12,3000,500000,5001.37,JPY
D00541,2024-01-12,1000,400000,5648.98,USD
D00542,2024-01-20,3000,600000,4841.34,JPY
D00543,2024-01-25,3000,400000,994.44,JPY
D00544,2024-01-04,3000,400000,5050.43,JPY
D00545,2024-01-22,2000,600000,8089.06,EUR
D00546,2024-01-18,3000,600000,4861.53,JPY
D00547,2024-01-09,1000,600000,6338.43,USD
D00548,2024-01-06,2000,400000,7055.61,EUR
D00549,2024-01-01,1000,600000,3434.14,USD
D00550,2024-01-25,1000,400000,5005.13,USD
D00551,2024-01-06,1000,500000,3865.85,USD
D00552,2024-01-16,2000,500000,7480.45,EUR
D00553,2024-01-01,3000,400000,2716.75,JPY
D00554,2024-01-19,1000,600000,5664.78,USD
D00555,2024-01-08,1000,600000,3694.8,USD
D00556,2024-01-03,2000,600000,5196.16,EUR
D00557,2024-01-21,1000,500000,6226.49,USD
D00558,2024-01-18,3000,500000,4692.13,JPY
D00559,2024-01-29,3000,600000,9303.59,JPY
D00560,2024-01-10,3000,500000,5713.93,JPY
D00561,2024-01-22,2000,500000,5102.16,EUR
D00562,2024-01-29,2000,500000,5724.27,EUR
D00563,2024-01-20,3000,400000,2885.85,JPY
D00564,2024-01-16,1000,600000,3793.79,USD
D00565,2024-01-23,1000,500000,9068.06,USD
D00566,2024-01-11,2000,500000,6827.44,EUR
D00567,2024-01-03,3000,600000,6075.85,JPY
D00568,2024-01-19,3000,600000,3174.22,JPY
D00569,2024-01-12,2000,500000,3011.6,EUR
D00570,2024-01-28,1000,400000,3645.29,USD
D00571,2024-01-24,1000,400000,6374.44,USD
D00572,2024-01-20,1000,400000,6459.06,USD
D00573,2024-01-17,2000,600000,1839.42,EUR
D00574,2024-01-10,2000,400000,3251.0,EUR
D00575,2024-01-16,3000,600000,5346.88,JPY
D00576,2024-01-11,2000,600000,5904.87,EUR
D00577,2024-01-01,2000,500000,4559.01,EUR
D00578,2024-01-10,2000,600000,5225.44,EUR
D00579,2024-01-12,2000,600000,4877.56,EUR
D00580,2024-01-14,1000,500000,6173.9,USD
D00581,2024-01-18,1000,500000,6977.82,USD
D00582,2024-01-31,2000,400000,7064.9,EUR
D00583,2024-01-20,2000,600000,5564.81,EUR
D00584,2024-01-09,3000,500000,3138.03,JPY
D00585,2024-01-06,1000,400000,2331.48,USD
D00586,2024-01-01,1000,500000,2959.68,USD
D00587,2024-01-08,2000,600000,4046.37,EUR
D00588,2024-01-20,3000,500000,2864.69,JPY
D00589,2024-01-17,1000,600000,4584.24,USD
D00590,2024-01-13,1000,500000,7098.74,USD
D00591,2024-01-24,2000,400000,4521.14,EUR
D00592,2024-01-13,3000,400000,5974.1,JPY
D00593,2024-01-22,1000,500000,906.97,USD
D00594,2024-01-27,3000,500000,1734.72,JPY
D00595,2024-01-03,3000,600000,3604.47,JPY
D00596,2024-01-13,3000,500000,3680.94,JPY
D00597,2024-01-17,1000,600000,3963.46,USD
D00598,2024-01-14,2000,500000,5135.45,EUR
D00599,2024-01-05,1000,600000,5740.56,USD
D00600,2024-01-20,2000,400000,3925.04,EUR
D00601,2024-01-14,2000,500000,5177.37,EUR
D00602,2024-01-15,3000,500000,3795.3,JPY
D00603,2024-01-26,1000,500000,4551.58,USD
D00604,2024-01-07,1000,600000,2784.53,USD
D00605,2024-01-07,1000,500000,6195.82,USD
D00606,2024-01-27,1000,600000,5701.13,USD
D00607,2024-01-20,2000,500000,5941.31,EUR
D00608,2024-01-08,2000,500000,6537.28,EUR
D00609,2024-01-17,1000,400000,3662.89,USD
D00610,2024-01-23,3000,400000,6154.32,JPY
D00611,2024-01-27,3000,600000,3671.95,JPY
D00612,2024-01-21,3000,600000,3944.26,JPY
D00613,2024-01-23,3000,500000,7029.59,JPY
D00614,2024-01-28,3000,400000,3216.13,JPY
D00615,2024-01-23,1000,500000,7485.95,USD
D00616,2024-01-14,1000,600000,4708.07,USD
D00617,2024-01-25,1000,500000,4249.96,USD
D00618,2024-01-31,3000,400000,6471.04,JPY
D00619,2024-01-13,3000,500000,7122.14,JPY
D00620,2024-01-23,1000,600000,5392.47,USD
D00621,2024-01-16,2000,600000,3512.03,EUR
D00622,2024-01-12,3000,500000,6423.52,JPY
D00623,2024-01-04,3000,500000,5948.96,JPY
D00624,2024-01-01,1000,600000,2922.96,USD
D00625,2024-01-06,2000,500000,6580.75,EUR
D00626,2024-01-26,3000,500000,6263.36,JPY
D00627,2024-01-29,2000,600000,3115.59,EUR
D00628,2024-01-26,1000,600000,3245.38,USD
D00629,2024-01-02,2000,500000,4197.48,EUR
D00630,2024-01-31,2000,500000,3760.78,EUR
D00631,2024-01-31,1000,400000,5093.26,USD
D00632,2024-01-22,1000,400000,2762.46,USD
D00633,2024-01-11,2000,400000,4955.67,EUR
D00634,2024-01-20,3000,500000,4367.7,JPY
D00635,2024-01-18,2000,400000,3000.06,EUR
D00636,2024-01-29,1000,500000,3706.43,USD
D00637,2024-01-18,1000,600000,5442.98,USD
D00638,2024-01-20,1000,600000,4794.34,USD
D00639,2024-01-31,1000,500000,3889.8,USD
D00640,2024-01-30,1000,500000,3693.42,USD
D00641,2024-01-17,1000,500000,3163.31,USD
D00642,2024-01-23,1000,400000,4512.83,USD
D00643,2024-01-26,3000,400000,2245.46,JPY
D00644,2024-01-14,1000,500000,6270.31,USD
D00645,2024-01-11,1000,400000,1955.37,USD
D00646,2024-01-26,1000,600000,5343.91,USD
D00647,2024-01-10,3000,400000,2683.31,JPY
D00648,2024-01-24,2000,600000,5803.62,EUR
D00649,2024-01-01,3000,400000,5335.27,JPY
D00650,2024-01-20,1000,400000,9520.77,USD
D00651,2024-01-23,1000,500000,6240.92,USD
D00652,2024-01-30,1000,400000,3744.8,USD
D00653,2024-01-16,2000,500000,1669.28,EUR
D00654,2024-01-05,1000,400000,8021.56,USD
D00655,2024-01-15,1000,400000,6113.13,USD
D00656,2024-01-15,2000,600000,3098.53,EUR
D00657,2024-01-31,2000,500000,8697.9,EUR
D00658,2024-01-22,1000,400000,3230.76,USD
D00659,2024-01-28,3000,600000,5050.39,JPY
D00660,2024-01-03,1000,400000,5915.77,USD
D00661,2024-01-23,2000,600000,5225.9,EUR
D00662,2024-01-14,1000,600000,4708.22,USD
D00663,2024-01-03,3000,500000,4774.9,JPY
D00664,2024-01-07,2000,600000,1931.63,EUR
D00665,2024-01-18,3000,500000,6639.55,JPY
D00666,2024-01-12,2000,500000,6113.49,EUR
D00667,2024-01-12,2000,600000,3987.74,EUR
D00668,2024-01-24,3000,400000,5414.77,JPY
D00669,2024-01-02,3000,600000,7216.05,JPY
D00670,2024-01-29,3000,500000,4783.89,JPY
D00671,2024-01-28,3000,600000,8207.06,JPY
D00672,2024-01-10,2000,600000,3433.33,EUR
D00673,2024-01-18,3000,600000,6196.85,JPY
D00674,2024-01-21,1000,500000,6065.66,USD
D00675,2024-01-11,3000,500000,5130.05,JPY
D00676,2024-01-06,3000,600000,6717.6,JPY
D00677,2024-01-05,3000,600000,6722.44,JPY
D00678,2024-01-24,2000,600000,6006.35,EUR
D00679,2024-01-27,2000,500000,8018.29,EUR
D00680,2024-01-14,2000,600000,6395.74,EUR
D00681,2024-01-11,1000,400000,2494.94,USD
D00682,2024-01-05,3000,400000,4563.0,JPY
D00683,2024-01-29,1000,400000,4069.31,USD
D00684,2024-01-09,3000,400000,7202.25,JPY
D00685,2024-01-06,2000,400000,7436.21,EUR
D00686,2024-01-11,1000,600000,6183.06,USD
D00687,2024-01-27,3000,600000,4397.79,JPY
D00688,2024-01-19,1000,600000,6778.53,USD
D00689,2024-01-15,1000,600000,4206.16,USD
D00690,2024-01-09,1000,600000,7188.62,USD
D00691,2024-01-14,2000,500000,4933.7,EUR
D00692,2024-01-11,1000,500000,2106.67,USD
D00693,2024-01-19,2000,500000,5889.62,EUR
D00694,2024-01-01,2000,400000,5950.96,EUR
D00695,2024-01-17,3000,600000,4457.6,JPY
D00696,2024-01-24,3000,500000,3782.6,JPY
D00697,2024-01-13,3000,600000,8129.88,JPY
D00698,2024-01-21,2000,500000,4644.06,EUR
D00699,2024-01-19,2000,400000,7162.77,EUR
D00700,2024-01-31,2000,400000,2399.88,EUR
D00701,2024-01-27,3000,600000,7887.83,JPY
D00702,2024-01-05,2000,600000,7082.13,EUR
D00703,2024-01-21,3000,500000,4384.1,JPY
D00704,2024-01-05,1000,500000,691.93,USD
D00705,2024-01-18,1000,400000,2221.8,USD
D00706,2024-01-29,3000,400000,5670.2,JPY
D00707,2024-01-01,3000,600000,6149.17,JPY
D00708,2024-01-22,1000,600000,6183.53,USD
D00709,2024-01-30,2000,500000,3975.74,EUR
D00710,2024-01-15,3000,600000,6428.02,JPY
D00711,2024-01-09,2000,500000,8253.29,EUR
D00712,2024-01-27,3000,400000,7713.19,JPY
D00713,2024-01-23,3000,600000,4681.81,JPY
D00714,2024-01-03,3000,400000,5128.01,JPY
D00715,2024-01-31,1000,600000,5298.49,USD
D00716,2024-01-31,1000,400000,5238.55,USD
D00717,2024-01-04,3000,500000,5860.07,JPY
D00718,2024-01-20,2000,500000,5476.46,EUR
D00719,2024-01-13,2000,500000,3124.88,EUR
D00720,2024-01-09,1000,500000,1663.21,USD
D00721,2024-01-02,3000,400000,3966.65,JPY
D00722,2024-01-15,2000,400000,4698.68,EUR
D00723,2024-01-18,3000,500000,6163.39,JPY
D00724,2024-01-09,1000,400000,3137.49,USD
D00725,2024-01-15,3000,500000,3871.56,JPY
D00726,2024-01-29,3000,500000,6240.82,JPY
D00727,2024-01-30,3000,500000,4286.01,JPY
D00728,2024-01-24,2000,400000,2153.45,EUR
D00729,2024-01-02,3000,500000,5141.66,JPY
D00730,2024-01-08,2000,600000,5699.61,EUR
D00731,2024-01-12,2000,600000,8965.93,EUR
D00732,2024-01-23,1000,600000,4654.8,USD
D00733,2024-01-17,3000,500000,4510.05,JPY
D00734,2024-01-02,1000,400000,3985.17,USD
D00735,2024-01-16,3000,400000,2986.08,JPY
D00736,2024-01-01,3000,600000,7877.45,JPY
D00737,2024-01-01,3000,600000,4471.43,JPY
D00738,2024-01-07,2000,400000,5445.89,EUR
D00739,2024-01-05,3000,600000,2313.51,JPY
D00740,2024-01-21,1000,400000,8868.78,USD
D00741,2024-01-29,3000,400000,4813.55,JPY
D00742,2024-01-27,3000,500000,3054.13,JPY
D00743,2024-01-27,2000,400000,7693.27,EUR
D00744,2024-01-07,2000,500000,2948.92,EUR
D00745,2024-01-19,3000,400000,6264.84,JPY
D00746,2024-01-24,2000,600000,5078.51,EUR
D00747,2024-01-25,1000,400000,4761.74,USD
D00748,2024-01-06,3000,500000,4349.86,JPY
D00749,2024-01-10,1000,500000,5955.82,USD
D00750,2024-01-16,3000,600000,5791.76,JPY
D00751,2024-01-17,3000,400000,2505.62,JPY
D00752,2024-01-15,2000,600000,3135.61,EUR
D00753,2024-01-31,3000,600000,8373.67,JPY
D00754,2024-01-08,3000,600000,2794.3,JPY
D00755,2024-01-21,1000,500000,6208.54,USD
D00756,2024-01-04,3000,500000,8608.98,JPY
D00757,2024-01-07,1000,400000,2095.29,USD
D00758,2024-01-20,3000,400000,6489.24,JPY
D00759,2024-01-22,1000,600000,5509.92,USD
D00760,2024-01-25,2000,500000,5851.33,EUR
D00761,2024-01-23,3000,500000,4483.44,JPY
D00762,2024-01-19,3000,600000,4130.27,JPY
D00763,2024-01-05,1000,400000,4222.71,USD
D00764,2024-01-30,1000,600000,5018.95,USD
D00765,2024-01-17,2000,500000,3762.32,EUR
D00766,2024-01-21,2000,600000,3975.09,EUR
D00767,2024-01-24,1000,600000,6213.43,USD
D00768,2024-01-04,2000,400000,2313.33,EUR
D00769,2024-01-22,2000,500000,4272.08,EUR
D00770,2024-01-11,2000,500000,6660.74,EUR
D00771,2024-01-24,2000,400000,3949.82,EUR
D00772,2024-01-01,2000,500000,2422.71,EUR
D00773,2024-01-17,2000,400000,1820.17,EUR
D00774,2024-01-05,3000,400000,5169.45,JPY
D00775,2024-01-02,3000,600000,4345.49,JPY
D00776,2024-01-06,2000,400000,4239.13,EUR
D00777,2024-01-30,1000,500000,6072.39,USD
D00778,2024-01-29,2000,500000,2707.24,EUR
D00779,2024-01-02,2000,400000,6245.03,EUR
D00780,2024-01-25,3000,600000,7954.58,JPY
D00781,2024-01-14,1000,400000,1960.96,USD
D00782,2024-01-20,3000,600000,5483.8,JPY
D00783,2024-01-18,3000,400000,6006.77,JPY
D00784,2024-01-19,2000,600000,3780.36,EUR
D00785,2024-01-20,3000,500000,5920.14,JPY
D00786,2024-01-19,1000,600000,6772.84,USD
D00787,2024-01-28,3000,400000,3791.27,JPY
D00788,2024-01-19,3000,400000,9243.41,JPY
D00789,2024-01-05,2000,400000,4157.91,EUR
D00790,2024-01-29,3000,500000,4014.29,JPY
D00791,2024-01-11,2000,500000,2349.78,EUR
D00792,2024-01-01,3000,600000,3487.02,JPY
D00793,2024-01-03,3000,500000,6904.43,JPY
D00794,2024-01-02,1000,500000,3735.54,USD
D00795,2024-01-08,3000,600000,1804.63,JPY
D00796,2024-01-07,1000,600000,10176.37,USD
D00797,2024-01-05,2000,400000,9206.36,EUR
D00798,2024-01-21,3000,600000,455.75,JPY
D00799,2024-01-01,3000,600000,5324.67,JPY
D00800,2024-01-24,1000,500000,7093.52,USD
