rate_date,from_ccy,to_ccy,rate
2024-10-01,EUR,USD,1.085
2024-10-01,USD,USD,1.0
2024-10-02,EUR,USD,1.085
2024-10-02,USD,USD,1.0
2024-10-03,EUR,USD,1.085
2024-10-03,USD,USD,1.0
2024-10-04,EUR,USD,1.085
2024-10-04,USD,USD,1.0
2024-10-05,EUR,USD,1.085
2024-10-05,USD,USD,1.0
2024-10-06,EUR,USD,1.085
2024-10-06,USD,USD,1.0
2024-10-07,EUR,USD,1.085
2024-10-07,USD,USD,1.0
2024-10-08,EUR,USD,1.085
2024-10-08,USD,USD,1.0
2024-10-09,EUR,USD,1.085
2024-10-09,USD,USD,1.0
2024-10-10,EUR,USD,1.085
2024-10-10,USD,USD,1.0
2024-10-11,EUR,USD,1.085
2024-10-11,USD,USD,1.0
2024-10-12,EUR,USD,1.085
2024-10-12,USD,USD,1.0
2024-10-13,EUR,USD,1.085
2024-10-13,USD,USD,1.0
2024-10-14,EUR,USD,1.085
2024-10-14,USD,USD,1.0
2024-10-15,EUR,USD,1.062
2024-10-15,USD,USD,1.0
2024-10-16,EUR,USD,1.062
2024-10-16,USD,USD,1.0
2024-10-17,EUR,USD,1.062
2024-10-17,USD,USD,1.0
2024-10-18,EUR,USD,1.062
2024-10-18,USD,USD,1.0
2024-10-19,EUR,USD,1.062
2024-10-19,USD,USD,1.0
2024-10-20,EUR,USD,1.062
2024-10-20,USD,USD,1.0
2024-10-21,EUR,USD,1.062
2024-10-21,USD,USD,1.0
2024-10-22,EUR,USD,1.062
2024-10-22,USD,USD,1.0
2024-10-23,EUR,USD,1.062
2024-10-23,USD,USD,1.0
2024-10-24,EUR,USD,1.062
2024-10-24,USD,USD,1.0
2024-10-25,EUR,USD,1.062
2024-10-25,USD,USD,1.0
2024-10-26,EUR,USD,1.062
2024-10-26,USD,USD,1.0
2024-10-27,EUR,USD,1.062
2024-10-27,USD,USD,1.0
2024-10-28,EUR,USD,1.062
2024-10-28,USD,USD,1.0
2024-10-29,EUR,USD,1.062
2024-10-29,USD,USD,1.0
2024-10-30,EUR,USD,1.062
2024-10-30,USD,USD,1.0
2024-10-31,EUR,USD,1.062
2024-10-31,USD,USD,1.0
